1.15269e+06,1.14507e+06,1.13675e+06,1.13252e+06,1.12493e+06,1.11791e+06,1.11202e+06,1.10419e+06,1.09084e+06,1.08983e+06,1.07428e+06,1.07099e+06,1.07072e+06,1.06873e+06,1.07021e+06,1.07363e+06,1.07822e+06,1.08336e+06,1.09081e+06,1.09134e+06,1.10294e+06,1.109e+06,1.11555e+06,1.11881e+06,1.12633e+06,1.1326e+06,1.14247e+06,1.14921e+06,1.15712e+06,1.1619e+06,1.16468e+06,1.17372e+06,1.18095e+06,1.18468e+06,1.19285e+06,1.20098e+06,1.2026e+06,1.20891e+06,1.20794e+06,1.21333e+06,1.2125e+06,1.21164e+06,1.21195e+06,1.20699e+06,1.2087e+06,1.20282e+06,1.19727e+06,1.19278e+06,1.18904e+06,1.18224e+06,1.17453e+06,1.17053e+06,1.16833e+06,1.16718e+06,1.17143e+06,1.17039e+06,1.17049e+06,1.16852e+06,1.16691e+06,1.16422e+06,1.16104e+06,1.16017e+06,1.15733e+06,1.15546e+06
1.14717e+06,1.13636e+06,1.13395e+06,1.12669e+06,1.12074e+06,1.11374e+06,1.11051e+06,1.09872e+06,1.09374e+06,1.08458e+06,1.07842e+06,1.06717e+06,1.06809e+06,1.06413e+06,1.06476e+06,1.06807e+06,1.07009e+06,1.07394e+06,1.08057e+06,1.08326e+06,1.09637e+06,1.09615e+06,1.10662e+06,1.11352e+06,1.12175e+06,1.13203e+06,1.13685e+06,1.1432e+06,1.1494e+06,1.15151e+06,1.16043e+06,1.16626e+06,1.1703e+06,1.18193e+06,1.18322e+06,1.19169e+06,1.19093e+06,1.20011e+06,1.19641e+06,1.20149e+06,1.20553e+06,1.20493e+06,1.20736e+06,1.20636e+06,1.20165e+06,1.1977e+06,1.19562e+06,1.19031e+06,1.18473e+06,1.17946e+06,1.17809e+06,1.17173e+06,1.17157e+06,1.17126e+06,1.16499e+06,1.17191e+06,1.16642e+06,1.16176e+06,1.15928e+06,1.15704e+06,1.15636e+06,1.15171e+06,1.15711e+06,1.14435e+06
1.14028e+06,1.13238e+06,1.12461e+06,1.122e+06,1.11059e+06,1.11014e+06,1.09661e+06,1.09607e+06,1.08478e+06,1.07889e+06,1.07169e+06,1.06963e+06,1.06584e+06,1.05819e+06,1.06166e+06,1.06263e+06,1.06e+06,1.06785e+06,1.07522e+06,1.07807e+06,1.08426e+06,1.09196e+06,1.10031e+06,1.11077e+06,1.11824e+06,1.12574e+06,1.13335e+06,1.14228e+06,1.13993e+06,1.1481e+06,1.1536e+06,1.15915e+06,1.16446e+06,1.17149e+06,1.17899e+06,1.18387e+06,1.18502e+06,1.1875e+06,1.18905e+06,1.19027e+06,1.18983e+06,1.19465e+06,1.19698e+06,1.19267e+06,1.19609e+06,1.1937e+06,1.18845e+06,1.18785e+06,1.1824e+06,1.17915e+06,1.17673e+06,1.16924e+06,1.16912e+06,1.16375e+06,1.16883e+06,1.15988e+06,1.15764e+06,1.15485e+06,1.15383e+06,1.15219e+06,1.14467e+06,1.14827e+06,1.14313e+06,1.13939e+06
1.13018e+06,1.11975e+06,1.12075e+06,1.11591e+06,1.1084e+06,1.10443e+06,1.09476e+06,1.08837e+06,1.07959e+06,1.07051e+06,1.06766e+06,1.06187e+06,1.05832e+06,1.06142e+06,1.05727e+06,1.05606e+06,1.05921e+06,1.05889e+06,1.06737e+06,1.07257e+06,1.07627e+06,1.08742e+06,1.09522e+06,1.10639e+06,1.11442e+06,1.12412e+06,1.12966e+06,1.13516e+06,1.1405e+06,1.14248e+06,1.14742e+06,1.15302e+06,1.15917e+06,1.16705e+06,1.16891e+06,1.17623e+06,1.1779e+06,1.17958e+06,1.1822e+06,1.17714e+06,1.18551e+06,1.18484e+06,1.18841e+06,1.18494e+06,1.1886e+06,1.18213e+06,1.18367e+06,1.1767e+06,1.17454e+06,1.17428e+06,1.1711e+06,1.16745e+06,1.16293e+06,1.16109e+06,1.15865e+06,1.15455e+06,1.1532e+06,1.14938e+06,1.14208e+06,1.14355e+06,1.13955e+06,1.13896e+06,1.13855e+06,1.13126e+06
1.12123e+06,1.1178e+06,1.11047e+06,1.10605e+06,1.09954e+06,1.09426e+06,1.08797e+06,1.07938e+06,1.07349e+06,1.07e+06,1.06395e+06,1.05928e+06,1.05784e+06,1.05264e+06,1.05529e+06,1.05041e+06,1.04994e+06,1.0555e+06,1.05488e+06,1.06507e+06,1.07181e+06,1.08021e+06,1.09023e+06,1.0993e+06,1.11259e+06,1.11824e+06,1.12084e+06,1.12908e+06,1.13266e+06,1.13637e+06,1.14036e+06,1.14714e+06,1.15211e+06,1.15651e+06,1.16635e+06,1.16897e+06,1.16984e+06,1.16957e+06,1.17344e+06,1.17316e+06,1.17853e+06,1.17847e+06,1.17723e+06,1.17658e+06,1.18091e+06,1.17648e+06,1.17421e+06,1.17298e+06,1.16682e+06,1.16211e+06,1.16439e+06,1.1571e+06,1.15368e+06,1.15149e+06,1.15014e+06,1.1457e+06,1.14399e+06,1.13892e+06,1.13761e+06,1.1334e+06,1.13358e+06,1.12859e+06,1.12679e+06,1.12455e+06
1.11578e+06,1.10634e+06,1.1004e+06,1.09792e+06,1.09627e+06,1.08795e+06,1.07959e+06,1.0724e+06,1.06567e+06,1.05982e+06,1.05256e+06,1.05601e+06,1.05087e+06,1.04971e+06,1.04729e+06,1.04601e+06,1.04733e+06,1.04568e+06,1.05359e+06,1.06013e+06,1.06671e+06,1.07366e+06,1.08416e+06,1.09465e+06,1.1011e+06,1.11194e+06,1.11655e+06,1.12288e+06,1.12316e+06,1.12967e+06,1.13541e+06,1.1417e+06,1.14759e+06,1.1503e+06,1.15673e+06,1.16072e+06,1.16002e+06,1.16303e+06,1.16318e+06,1.16639e+06,1.17013e+06,1.17095e+06,1.17148e+06,1.1694e+06,1.16735e+06,1.16726e+06,1.16231e+06,1.15994e+06,1.15954e+06,1.15814e+06,1.15427e+06,1.15097e+06,1.15123e+06,1.14277e+06,1.14171e+06,1.13981e+06,1.13684e+06,1.13353e+06,1.12888e+06,1.12244e+06,1.12212e+06,1.1195e+06,1.12101e+06,1.11651e+06
1.10396e+06,1.1043e+06,1.09426e+06,1.08984e+06,1.08085e+06,1.07568e+06,1.07317e+06,1.06612e+06,1.05816e+06,1.05691e+06,1.05212e+06,1.04839e+06,1.04724e+06,1.04111e+06,1.0413e+06,1.04072e+06,1.04159e+06,1.04323e+06,1.04708e+06,1.05328e+06,1.06076e+06,1.06787e+06,1.07593e+06,1.08799e+06,1.09419e+06,1.10253e+06,1.10703e+06,1.11373e+06,1.11901e+06,1.12188e+06,1.12704e+06,1.13434e+06,1.13986e+06,1.13735e+06,1.14482e+06,1.14889e+06,1.1526e+06,1.15439e+06,1.16083e+06,1.15667e+06,1.15827e+06,1.15977e+06,1.16166e+06,1.16009e+06,1.16263e+06,1.15818e+06,1.15255e+06,1.15341e+06,1.1509e+06,1.14626e+06,1.14759e+06,1.14702e+06,1.14176e+06,1.13606e+06,1.13272e+06,1.1274e+06,1.12508e+06,1.12302e+06,1.11797e+06,1.11488e+06,1.10921e+06,1.11066e+06,1.11343e+06,1.10205e+06
1.09764e+06,1.09422e+06,1.08228e+06,1.0799e+06,1.07466e+06,1.06746e+06,1.06108e+06,1.05785e+06,1.05411e+06,1.05017e+06,1.04115e+06,1.0442e+06,1.03899e+06,1.03766e+06,1.03358e+06,1.03038e+06,1.03244e+06,1.03715e+06,1.03997e+06,1.04736e+06,1.05439e+06,1.06287e+06,1.06686e+06,1.07441e+06,1.08507e+06,1.09361e+06,1.10046e+06,1.10749e+06,1.11679e+06,1.11477e+06,1.12385e+06,1.12954e+06,1.1275e+06,1.13758e+06,1.13679e+06,1.13936e+06,1.14216e+06,1.14528e+06,1.14981e+06,1.1513e+06,1.15539e+06,1.15461e+06,1.1542e+06,1.15241e+06,1.14955e+06,1.15254e+06,1.14807e+06,1.14366e+06,1.14156e+06,1.13726e+06,1.13882e+06,1.13664e+06,1.13338e+06,1.12527e+06,1.13089e+06,1.11937e+06,1.11943e+06,1.11603e+06,1.10794e+06,1.10809e+06,1.10152e+06,1.10099e+06,1.09914e+06,1.09453e+06
1.09039e+06,1.08213e+06,1.07769e+06,1.0708e+06,1.0675e+06,1.0596e+06,1.05789e+06,1.05198e+06,1.04912e+06,1.04302e+06,1.03685e+06,1.04026e+06,1.02618e+06,1.02667e+06,1.02848e+06,1.02797e+06,1.02753e+06,1.03247e+06,1.03439e+06,1.04156e+06,1.04585e+06,1.0529e+06,1.06122e+06,1.06601e+06,1.0747e+06,1.08391e+06,1.09058e+06,1.09972e+06,1.10157e+06,1.1093e+06,1.1153e+06,1.11651e+06,1.12156e+06,1.12426e+06,1.12745e+06,1.13251e+06,1.13488e+06,1.13689e+06,1.14106e+06,1.14012e+06,1.14551e+06,1.14021e+06,1.14593e+06,1.14434e+06,1.14236e+06,1.14117e+06,1.14257e+06,1.13352e+06,1.1311e+06,1.12738e+06,1.13137e+06,1.12864e+06,1.12546e+06,1.12449e+06,1.11696e+06,1.11105e+06,1.10972e+06,1.10388e+06,1.10187e+06,1.09258e+06,1.09188e+06,1.09233e+06,1.09126e+06,1.08626e+06
1.0785e+06,1.07524e+06,1.06862e+06,1.06146e+06,1.05788e+06,1.05648e+06,1.04831e+06,1.04288e+06,1.04279e+06,1.03461e+06,1.03115e+06,1.02828e+06,1.0221e+06,1.01708e+06,1.01749e+06,1.01741e+06,1.02042e+06,1.02048e+06,1.0285e+06,1.03078e+06,1.04077e+06,1.04477e+06,1.04617e+06,1.05495e+06,1.06568e+06,1.07537e+06,1.08522e+06,1.09181e+06,1.09607e+06,1.1052e+06,1.1104e+06,1.1111e+06,1.11556e+06,1.11995e+06,1.11767e+06,1.12391e+06,1.1265e+06,1.12936e+06,1.12657e+06,1.13346e+06,1.13608e+06,1.13717e+06,1.13549e+06,1.13763e+06,1.13305e+06,1.1357e+06,1.13227e+06,1.12749e+06,1.12386e+06,1.12383e+06,1.12304e+06,1.11994e+06,1.11786e+06,1.10987e+06,1.10877e+06,1.10448e+06,1.10098e+06,1.0958e+06,1.08992e+06,1.08537e+06,1.08186e+06,1.08426e+06,1.08341e+06,1.07853e+06
1.07259e+06,1.06997e+06,1.06324e+06,1.05676e+06,1.054e+06,1.04866e+06,1.04501e+06,1.04166e+06,1.03407e+06,1.03178e+06,1.02649e+06,1.01534e+06,1.015e+06,1.00854e+06,1.00876e+06,1.01007e+06,1.01439e+06,1.0128e+06,1.01769e+06,1.02036e+06,1.02497e+06,1.03533e+06,1.03977e+06,1.04786e+06,1.05301e+06,1.06754e+06,1.07258e+06,1.08361e+06,1.09213e+06,1.09462e+06,1.10166e+06,1.10505e+06,1.10893e+06,1.10827e+06,1.11179e+06,1.11626e+06,1.1188e+06,1.11861e+06,1.12336e+06,1.11896e+06,1.12345e+06,1.12711e+06,1.13264e+06,1.13307e+06,1.12789e+06,1.12866e+06,1.12623e+06,1.11988e+06,1.11598e+06,1.1139e+06,1.11369e+06,1.11269e+06,1.10952e+06,1.10689e+06,1.101e+06,1.09402e+06,1.09566e+06,1.08463e+06,1.07944e+06,1.07948e+06,1.07188e+06,1.07488e+06,1.06953e+06,1.07343e+06
1.06338e+06,1.05855e+06,1.05361e+06,1.04893e+06,1.04335e+06,1.03958e+06,1.04012e+06,1.0329e+06,1.03223e+06,1.02378e+06,1.01641e+06,1.01196e+06,1.00662e+06,1.00263e+06,995973,1.00214e+06,1.00399e+06,1.00425e+06,1.01045e+06,1.01827e+06,1.02297e+06,1.02299e+06,1.03086e+06,1.03978e+06,1.04631e+06,1.057e+06,1.06905e+06,1.07389e+06,1.08753e+06,1.0879e+06,1.09555e+06,1.09988e+06,1.10103e+06,1.10643e+06,1.10611e+06,1.11156e+06,1.10949e+06,1.11508e+06,1.1122e+06,1.11659e+06,1.11732e+06,1.11896e+06,1.12483e+06,1.12131e+06,1.12114e+06,1.11995e+06,1.11367e+06,1.11468e+06,1.10888e+06,1.10605e+06,1.10457e+06,1.10918e+06,1.10034e+06,1.0962e+06,1.09286e+06,1.08988e+06,1.08231e+06,1.07947e+06,1.07311e+06,1.06791e+06,1.06724e+06,1.0656e+06,1.06558e+06,1.06158e+06
1.06007e+06,1.05318e+06,1.04592e+06,1.03932e+06,1.0388e+06,1.03331e+06,1.02587e+06,1.0256e+06,1.01794e+06,1.01902e+06,1.01272e+06,1.00143e+06,1.00263e+06,989003,993903,992300,993174,993880,1.00187e+06,1.00373e+06,1.01029e+06,1.01573e+06,1.0231e+06,1.03209e+06,1.04147e+06,1.05636e+06,1.06407e+06,1.07259e+06,1.07673e+06,1.08672e+06,1.08856e+06,1.09551e+06,1.09606e+06,1.09853e+06,1.10296e+06,1.10435e+06,1.10634e+06,1.10786e+06,1.1132e+06,1.11171e+06,1.10846e+06,1.12034e+06,1.1201e+06,1.11915e+06,1.11489e+06,1.11399e+06,1.1132e+06,1.1108e+06,1.11109e+06,1.1026e+06,1.09972e+06,1.09442e+06,1.09391e+06,1.09153e+06,1.08541e+06,1.07683e+06,1.07605e+06,1.07354e+06,1.06215e+06,1.06348e+06,1.05752e+06,1.05826e+06,1.06025e+06,1.05627e+06
1.05421e+06,1.04603e+06,1.04107e+06,1.03527e+06,1.03606e+06,1.0271e+06,1.02403e+06,1.01538e+06,1.01188e+06,1.006e+06,999762,993776,988823,987184,986211,986073,983784,984758,993114,994357,1.00916e+06,1.00424e+06,1.02357e+06,1.02697e+06,1.03994e+06,1.04817e+06,1.05824e+06,1.06964e+06,1.07781e+06,1.08439e+06,1.09344e+06,1.09378e+06,1.1005e+06,1.09775e+06,1.1016e+06,1.10756e+06,1.11256e+06,1.11246e+06,1.11002e+06,1.10813e+06,1.11394e+06,1.11277e+06,1.11543e+06,1.11567e+06,1.11331e+06,1.1147e+06,1.10842e+06,1.11071e+06,1.1004e+06,1.10473e+06,1.10106e+06,1.09461e+06,1.09251e+06,1.08458e+06,1.08371e+06,1.07897e+06,1.07675e+06,1.06891e+06,1.06631e+06,1.06034e+06,1.05769e+06,1.05989e+06,1.05937e+06,1.04943e+06
1.05671e+06,1.04222e+06,1.04295e+06,1.03264e+06,1.02684e+06,1.01993e+06,1.01476e+06,1.00924e+06,1.00088e+06,996436,991939,990798,987468,982127,978008,982218,977807,981896,986564,990292,997752,1.00867e+06,1.01709e+06,1.02684e+06,1.04063e+06,1.04992e+06,1.05936e+06,1.06924e+06,1.07985e+06,1.08398e+06,1.09336e+06,1.09751e+06,1.0982e+06,1.10851e+06,1.11092e+06,1.10716e+06,1.11509e+06,1.11184e+06,1.11551e+06,1.11287e+06,1.11651e+06,1.11276e+06,1.11943e+06,1.11937e+06,1.11353e+06,1.11403e+06,1.11271e+06,1.11064e+06,1.10912e+06,1.10527e+06,1.09894e+06,1.09671e+06,1.08856e+06,1.08304e+06,1.0828e+06,1.08155e+06,1.07103e+06,1.07284e+06,1.06622e+06,1.06319e+06,1.05911e+06,1.05844e+06,1.06199e+06,1.0597e+06
1.05531e+06,1.05116e+06,1.04277e+06,1.03353e+06,1.02243e+06,1.01535e+06,1.01005e+06,1.00603e+06,990498,994567,984827,986401,980154,977434,977624,975430,976385,976505,981662,986341,997854,1.00229e+06,1.01748e+06,1.02851e+06,1.03691e+06,1.05211e+06,1.06009e+06,1.07076e+06,1.08412e+06,1.09023e+06,1.09546e+06,1.10464e+06,1.10455e+06,1.1127e+06,1.11253e+06,1.12074e+06,1.1213e+06,1.12231e+06,1.12122e+06,1.12149e+06,1.11894e+06,1.12248e+06,1.12304e+06,1.1221e+06,1.12335e+06,1.12322e+06,1.1184e+06,1.11312e+06,1.11044e+06,1.11012e+06,1.10251e+06,1.10167e+06,1.09329e+06,1.09126e+06,1.08904e+06,1.08366e+06,1.07969e+06,1.07481e+06,1.07207e+06,1.06909e+06,1.0673e+06,1.06842e+06,1.0662e+06,1.06344e+06
1.06528e+06,1.05611e+06,1.04424e+06,1.03846e+06,1.03244e+06,1.02261e+06,1.00943e+06,994667,998028,989725,984659,980391,975674,976813,972105,977526,978726,977291,979563,985779,992998,1.00317e+06,1.01671e+06,1.02871e+06,1.04566e+06,1.0548e+06,1.06657e+06,1.07694e+06,1.08788e+06,1.0964e+06,1.10316e+06,1.1068e+06,1.11385e+06,1.11748e+06,1.12038e+06,1.12742e+06,1.13233e+06,1.13121e+06,1.12924e+06,1.12978e+06,1.12882e+06,1.1292e+06,1.12674e+06,1.13004e+06,1.1287e+06,1.12881e+06,1.1292e+06,1.12721e+06,1.12188e+06,1.11794e+06,1.12051e+06,1.10806e+06,1.10771e+06,1.09919e+06,1.09827e+06,1.09168e+06,1.09007e+06,1.08787e+06,1.07858e+06,1.08165e+06,1.07456e+06,1.07488e+06,1.07623e+06,1.06445e+06
1.074e+06,1.0602e+06,1.05179e+06,1.0383e+06,1.03059e+06,1.01857e+06,1.0089e+06,1.00096e+06,996210,986831,982299,977100,973576,970561,975194,974770,978997,983868,981002,984804,996938,1.00621e+06,1.02124e+06,1.03474e+06,1.04839e+06,1.0575e+06,1.07681e+06,1.08286e+06,1.09634e+06,1.10278e+06,1.10924e+06,1.12e+06,1.12133e+06,1.12624e+06,1.13153e+06,1.1334e+06,1.13842e+06,1.13838e+06,1.13771e+06,1.13786e+06,1.13839e+06,1.13666e+06,1.14413e+06,1.14021e+06,1.14275e+06,1.13273e+06,1.14147e+06,1.13582e+06,1.13613e+06,1.12981e+06,1.12557e+06,1.11984e+06,1.10973e+06,1.10749e+06,1.10459e+06,1.09951e+06,1.09668e+06,1.0906e+06,1.09111e+06,1.08546e+06,1.08748e+06,1.08511e+06,1.08573e+06,1.07375e+06
1.08123e+06,1.06764e+06,1.05987e+06,1.04362e+06,1.03697e+06,1.02726e+06,1.01476e+06,1.00302e+06,996091,994876,986278,982562,975053,978636,971756,975654,974638,979845,980732,989776,997164,1.01117e+06,1.02458e+06,1.04158e+06,1.05635e+06,1.06646e+06,1.08206e+06,1.0931e+06,1.10145e+06,1.11282e+06,1.12053e+06,1.12302e+06,1.13135e+06,1.13407e+06,1.13981e+06,1.14418e+06,1.14719e+06,1.15181e+06,1.14667e+06,1.15247e+06,1.14998e+06,1.15126e+06,1.14704e+06,1.15226e+06,1.1555e+06,1.15152e+06,1.15339e+06,1.14569e+06,1.14524e+06,1.14069e+06,1.13828e+06,1.13012e+06,1.12403e+06,1.12188e+06,1.1173e+06,1.11251e+06,1.11255e+06,1.10058e+06,1.09757e+06,1.09702e+06,1.09214e+06,1.09065e+06,1.09179e+06,1.08612e+06
1.09459e+06,1.07799e+06,1.06915e+06,1.05372e+06,1.04531e+06,1.02579e+06,1.01869e+06,1.01055e+06,999818,990846,982457,978200,977692,969239,977834,977982,977479,982805,985337,992457,1.00103e+06,1.02222e+06,1.03522e+06,1.04996e+06,1.06612e+06,1.07292e+06,1.09096e+06,1.09855e+06,1.10652e+06,1.11928e+06,1.13012e+06,1.13315e+06,1.13931e+06,1.14434e+06,1.15196e+06,1.15414e+06,1.15906e+06,1.16147e+06,1.16131e+06,1.16197e+06,1.16497e+06,1.16558e+06,1.16482e+06,1.16312e+06,1.16277e+06,1.16539e+06,1.15972e+06,1.15894e+06,1.15664e+06,1.1531e+06,1.14215e+06,1.14004e+06,1.13377e+06,1.12932e+06,1.12335e+06,1.12309e+06,1.1136e+06,1.10916e+06,1.10877e+06,1.1022e+06,1.10388e+06,1.10372e+06,1.10168e+06,1.09333e+06
1.10163e+06,1.08198e+06,1.07742e+06,1.06526e+06,1.04738e+06,1.03745e+06,1.02855e+06,1.01494e+06,1.00534e+06,993264,986706,981482,976343,980610,973567,977186,977848,983889,987809,1.0006e+06,1.01167e+06,1.02567e+06,1.03719e+06,1.06091e+06,1.07424e+06,1.08852e+06,1.1009e+06,1.10965e+06,1.11822e+06,1.13103e+06,1.14176e+06,1.14649e+06,1.15433e+06,1.15677e+06,1.16265e+06,1.16712e+06,1.17201e+06,1.17452e+06,1.17655e+06,1.17346e+06,1.17473e+06,1.17821e+06,1.17126e+06,1.17604e+06,1.17336e+06,1.17192e+06,1.17224e+06,1.16951e+06,1.16349e+06,1.16238e+06,1.15757e+06,1.15328e+06,1.14711e+06,1.14151e+06,1.13575e+06,1.13097e+06,1.12615e+06,1.12202e+06,1.11516e+06,1.11541e+06,1.11112e+06,1.11003e+06,1.11084e+06,1.10256e+06
1.11072e+06,1.09671e+06,1.08664e+06,1.06743e+06,1.06108e+06,1.04736e+06,1.03534e+06,1.01649e+06,1.00991e+06,995255,990605,981195,978023,979062,978809,980281,985769,990619,993525,1.00192e+06,1.01371e+06,1.03148e+06,1.04976e+06,1.0664e+06,1.08662e+06,1.09435e+06,1.11292e+06,1.12073e+06,1.13177e+06,1.14511e+06,1.15368e+06,1.15909e+06,1.16827e+06,1.17166e+06,1.17757e+06,1.17856e+06,1.18319e+06,1.18493e+06,1.18928e+06,1.18623e+06,1.18716e+06,1.1885e+06,1.18822e+06,1.18511e+06,1.18565e+06,1.18479e+06,1.17949e+06,1.17907e+06,1.17413e+06,1.17042e+06,1.16635e+06,1.16164e+06,1.15683e+06,1.15329e+06,1.14917e+06,1.14201e+06,1.13783e+06,1.13308e+06,1.12848e+06,1.12353e+06,1.12373e+06,1.12151e+06,1.11905e+06,1.11313e+06
1.11216e+06,1.10914e+06,1.09444e+06,1.07497e+06,1.06729e+06,1.05261e+06,1.04303e+06,1.02767e+06,1.01263e+06,1.00398e+06,993487,985629,978564,979415,981228,979199,981758,991399,1.0036e+06,1.01038e+06,1.03069e+06,1.03674e+06,1.05619e+06,1.07332e+06,1.09079e+06,1.10965e+06,1.12106e+06,1.13109e+06,1.14781e+06,1.15706e+06,1.16681e+06,1.17625e+06,1.17915e+06,1.18394e+06,1.18844e+06,1.19245e+06,1.19559e+06,1.19387e+06,1.19731e+06,1.19661e+06,1.19836e+06,1.19799e+06,1.19545e+06,1.1959e+06,1.1933e+06,1.19271e+06,1.18738e+06,1.18957e+06,1.18657e+06,1.18188e+06,1.17779e+06,1.17633e+06,1.16976e+06,1.1627e+06,1.15813e+06,1.15227e+06,1.15106e+06,1.14182e+06,1.13697e+06,1.13459e+06,1.13403e+06,1.12859e+06,1.12913e+06,1.12337e+06
1.1273e+06,1.11119e+06,1.09876e+06,1.09033e+06,1.07264e+06,1.06286e+06,1.05151e+06,1.03431e+06,1.01842e+06,1.01375e+06,995221,994715,983189,980020,972341,983161,983847,991288,1.00382e+06,1.0173e+06,1.03343e+06,1.0528e+06,1.06674e+06,1.08845e+06,1.10283e+06,1.11363e+06,1.13603e+06,1.15022e+06,1.15807e+06,1.17197e+06,1.18222e+06,1.19087e+06,1.19621e+06,1.19759e+06,1.20095e+06,1.20285e+06,1.20492e+06,1.20823e+06,1.2066e+06,1.20589e+06,1.20787e+06,1.20969e+06,1.20656e+06,1.20954e+06,1.20578e+06,1.19995e+06,1.20159e+06,1.19494e+06,1.19462e+06,1.19243e+06,1.189e+06,1.18577e+06,1.18034e+06,1.17595e+06,1.17458e+06,1.16631e+06,1.16139e+06,1.15703e+06,1.15371e+06,1.14698e+06,1.14266e+06,1.14345e+06,1.14212e+06,1.13151e+06
1.13928e+06,1.12129e+06,1.11029e+06,1.09672e+06,1.07893e+06,1.0638e+06,1.05172e+06,1.04171e+06,1.03232e+06,1.01726e+06,1.00367e+06,995972,989127,979256,976592,979048,988544,999771,1.01807e+06,1.02941e+06,1.04362e+06,1.06149e+06,1.08325e+06,1.10201e+06,1.11417e+06,1.13446e+06,1.14267e+06,1.15485e+06,1.17163e+06,1.18135e+06,1.1955e+06,1.20294e+06,1.20746e+06,1.20964e+06,1.21703e+06,1.21332e+06,1.21342e+06,1.2149e+06,1.21535e+06,1.2152e+06,1.21625e+06,1.21524e+06,1.21823e+06,1.21668e+06,1.21815e+06,1.21521e+06,1.20887e+06,1.208e+06,1.20604e+06,1.19893e+06,1.1987e+06,1.19603e+06,1.18752e+06,1.18506e+06,1.18275e+06,1.1777e+06,1.175e+06,1.1707e+06,1.16267e+06,1.16054e+06,1.15644e+06,1.15324e+06,1.14974e+06,1.14386e+06
1.1429e+06,1.1323e+06,1.12031e+06,1.10089e+06,1.09124e+06,1.07541e+06,1.06253e+06,1.04705e+06,1.03521e+06,1.02341e+06,1.01542e+06,1.00339e+06,995738,983773,985941,984728,997482,1.0061e+06,1.021e+06,1.03733e+06,1.05872e+06,1.07101e+06,1.09629e+06,1.10844e+06,1.12384e+06,1.14218e+06,1.15548e+06,1.16797e+06,1.18343e+06,1.19209e+06,1.20218e+06,1.21056e+06,1.21703e+06,1.22274e+06,1.22402e+06,1.22545e+06,1.22771e+06,1.22264e+06,1.2223e+06,1.22395e+06,1.2235e+06,1.22229e+06,1.22695e+06,1.22625e+06,1.22248e+06,1.21956e+06,1.22227e+06,1.21929e+06,1.2127e+06,1.21152e+06,1.20937e+06,1.20264e+06,1.19997e+06,1.19733e+06,1.19126e+06,1.1866e+06,1.18364e+06,1.18329e+06,1.17545e+06,1.17061e+06,1.16365e+06,1.16188e+06,1.16553e+06,1.15141e+06
1.15675e+06,1.1406e+06,1.1275e+06,1.11651e+06,1.09608e+06,1.08562e+06,1.07072e+06,1.05675e+06,1.04758e+06,1.03235e+06,1.01609e+06,1.01467e+06,997326,996189,992010,994813,1.00069e+06,1.02023e+06,1.02753e+06,1.04888e+06,1.06761e+06,1.08661e+06,1.10741e+06,1.12166e+06,1.13732e+06,1.14778e+06,1.16162e+06,1.17832e+06,1.19415e+06,1.20074e+06,1.2141e+06,1.22001e+06,1.22527e+06,1.23083e+06,1.23421e+06,1.23453e+06,1.23287e+06,1.23547e+06,1.23308e+06,1.22844e+06,1.22889e+06,1.22954e+06,1.22818e+06,1.23068e+06,1.23114e+06,1.2342e+06,1.22891e+06,1.22355e+06,1.22416e+06,1.22149e+06,1.21519e+06,1.21644e+06,1.21088e+06,1.20246e+06,1.19639e+06,1.19533e+06,1.1895e+06,1.18825e+06,1.18657e+06,1.17886e+06,1.17508e+06,1.16892e+06,1.17325e+06,1.15899e+06
1.16321e+06,1.15026e+06,1.13432e+06,1.11708e+06,1.10868e+06,1.09387e+06,1.07703e+06,1.06283e+06,1.05038e+06,1.03823e+06,1.02606e+06,1.01617e+06,1.01186e+06,1.00586e+06,1.00423e+06,1.00693e+06,1.01027e+06,1.02725e+06,1.0417e+06,1.0613e+06,1.08212e+06,1.09525e+06,1.11752e+06,1.1311e+06,1.1445e+06,1.15817e+06,1.17269e+06,1.18615e+06,1.1962e+06,1.20919e+06,1.2192e+06,1.2288e+06,1.23438e+06,1.24154e+06,1.24279e+06,1.24499e+06,1.24447e+06,1.24189e+06,1.23877e+06,1.23697e+06,1.23489e+06,1.23325e+06,1.2344e+06,1.23545e+06,1.23784e+06,1.2358e+06,1.23487e+06,1.2335e+06,1.23148e+06,1.23301e+06,1.22377e+06,1.22265e+06,1.21413e+06,1.20881e+06,1.2058e+06,1.20592e+06,1.19855e+06,1.19846e+06,1.19346e+06,1.18904e+06,1.18334e+06,1.18017e+06,1.18106e+06,1.1722e+06
1.17551e+06,1.15701e+06,1.14412e+06,1.1286e+06,1.11703e+06,1.09945e+06,1.08483e+06,1.07445e+06,1.05364e+06,1.04096e+06,1.03305e+06,1.02091e+06,1.02208e+06,1.00933e+06,1.01053e+06,1.01291e+06,1.0223e+06,1.03622e+06,1.0516e+06,1.07202e+06,1.08549e+06,1.10597e+06,1.12388e+06,1.13769e+06,1.15168e+06,1.16406e+06,1.17885e+06,1.19246e+06,1.20517e+06,1.21589e+06,1.22559e+06,1.23328e+06,1.24567e+06,1.24428e+06,1.25041e+06,1.2517e+06,1.24956e+06,1.24829e+06,1.24574e+06,1.24357e+06,1.24052e+06,1.23721e+06,1.23552e+06,1.24071e+06,1.24034e+06,1.24237e+06,1.23954e+06,1.23975e+06,1.23608e+06,1.23304e+06,1.23429e+06,1.22796e+06,1.2205e+06,1.21913e+06,1.21234e+06,1.20578e+06,1.20844e+06,1.20421e+06,1.20061e+06,1.19515e+06,1.19302e+06,1.1879e+06,1.18714e+06,1.17902e+06
1.18321e+06,1.16393e+06,1.15361e+06,1.13551e+06,1.12243e+06,1.10728e+06,1.09329e+06,1.07591e+06,1.06208e+06,1.04634e+06,1.03904e+06,1.02814e+06,1.0224e+06,1.01839e+06,1.02223e+06,1.02767e+06,1.03175e+06,1.04638e+06,1.06326e+06,1.07877e+06,1.09708e+06,1.11384e+06,1.1311e+06,1.15115e+06,1.16082e+06,1.17335e+06,1.18617e+06,1.19951e+06,1.21012e+06,1.22139e+06,1.23332e+06,1.23888e+06,1.24764e+06,1.25498e+06,1.25347e+06,1.25565e+06,1.25381e+06,1.25326e+06,1.25279e+06,1.24847e+06,1.2502e+06,1.24487e+06,1.24714e+06,1.24375e+06,1.24578e+06,1.24869e+06,1.24614e+06,1.24669e+06,1.24304e+06,1.23812e+06,1.23579e+06,1.23099e+06,1.2275e+06,1.22345e+06,1.2224e+06,1.21588e+06,1.21506e+06,1.20953e+06,1.20712e+06,1.20223e+06,1.19764e+06,1.19967e+06,1.19516e+06,1.18678e+06
1.19148e+06,1.17461e+06,1.15849e+06,1.14455e+06,1.12658e+06,1.11503e+06,1.0952e+06,1.08534e+06,1.06846e+06,1.0563e+06,1.04396e+06,1.03625e+06,1.03323e+06,1.02899e+06,1.02713e+06,1.03236e+06,1.04471e+06,1.04851e+06,1.0758e+06,1.08842e+06,1.10809e+06,1.11954e+06,1.13991e+06,1.15008e+06,1.16779e+06,1.18219e+06,1.19433e+06,1.20379e+06,1.21641e+06,1.22964e+06,1.23433e+06,1.2456e+06,1.2507e+06,1.25265e+06,1.25797e+06,1.25944e+06,1.25477e+06,1.25667e+06,1.2545e+06,1.25586e+06,1.25157e+06,1.25232e+06,1.25437e+06,1.25568e+06,1.25217e+06,1.25073e+06,1.25284e+06,1.24923e+06,1.25111e+06,1.24618e+06,1.24131e+06,1.23862e+06,1.23296e+06,1.22766e+06,1.22677e+06,1.22472e+06,1.22095e+06,1.21446e+06,1.21275e+06,1.20933e+06,1.20515e+06,1.20596e+06,1.20365e+06,1.19299e+06
1.19484e+06,1.17816e+06,1.16705e+06,1.14972e+06,1.138e+06,1.11974e+06,1.10738e+06,1.09164e+06,1.07534e+06,1.06567e+06,1.05201e+06,1.03986e+06,1.03669e+06,1.03517e+06,1.0326e+06,1.04512e+06,1.0459e+06,1.06614e+06,1.07981e+06,1.09403e+06,1.11681e+06,1.13221e+06,1.14614e+06,1.15998e+06,1.17161e+06,1.18777e+06,1.20099e+06,1.21202e+06,1.21994e+06,1.23261e+06,1.23962e+06,1.24739e+06,1.25262e+06,1.25637e+06,1.26089e+06,1.26193e+06,1.26061e+06,1.25814e+06,1.25927e+06,1.25943e+06,1.26271e+06,1.26083e+06,1.26377e+06,1.25907e+06,1.25683e+06,1.25803e+06,1.2554e+06,1.25605e+06,1.25065e+06,1.2479e+06,1.2459e+06,1.24254e+06,1.23935e+06,1.23523e+06,1.23117e+06,1.22932e+06,1.22591e+06,1.21925e+06,1.2186e+06,1.21315e+06,1.21156e+06,1.20961e+06,1.21082e+06,1.20096e+06
1.20045e+06,1.18342e+06,1.17064e+06,1.15575e+06,1.14035e+06,1.12685e+06,1.11286e+06,1.09707e+06,1.08041e+06,1.06831e+06,1.06093e+06,1.0523e+06,1.04425e+06,1.04437e+06,1.04268e+06,1.04716e+06,1.05602e+06,1.0741e+06,1.08475e+06,1.10566e+06,1.11997e+06,1.13909e+06,1.14813e+06,1.1656e+06,1.18177e+06,1.19526e+06,1.20529e+06,1.21848e+06,1.22276e+06,1.23225e+06,1.24194e+06,1.24797e+06,1.25675e+06,1.26136e+06,1.26243e+06,1.26186e+06,1.26213e+06,1.26331e+06,1.2642e+06,1.26471e+06,1.26584e+06,1.26582e+06,1.26667e+06,1.26831e+06,1.2684e+06,1.26189e+06,1.26008e+06,1.25796e+06,1.25748e+06,1.25522e+06,1.25133e+06,1.24875e+06,1.24179e+06,1.24059e+06,1.23756e+06,1.23545e+06,1.23184e+06,1.22803e+06,1.22114e+06,1.22159e+06,1.21838e+06,1.21251e+06,1.21513e+06,1.20466e+06
1.19992e+06,1.18964e+06,1.17176e+06,1.15682e+06,1.14392e+06,1.13258e+06,1.11769e+06,1.10773e+06,1.09269e+06,1.07597e+06,1.06848e+06,1.05638e+06,1.05109e+06,1.04755e+06,1.05346e+06,1.05366e+06,1.06978e+06,1.07377e+06,1.09165e+06,1.11232e+06,1.12331e+06,1.14213e+06,1.15691e+06,1.17215e+06,1.18521e+06,1.19771e+06,1.21201e+06,1.21832e+06,1.23002e+06,1.23507e+06,1.24579e+06,1.25e+06,1.25869e+06,1.26616e+06,1.26794e+06,1.27059e+06,1.26743e+06,1.26744e+06,1.26885e+06,1.27012e+06,1.27117e+06,1.27311e+06,1.27417e+06,1.27207e+06,1.26785e+06,1.26751e+06,1.26714e+06,1.26418e+06,1.26006e+06,1.25964e+06,1.25659e+06,1.25356e+06,1.24726e+06,1.24536e+06,1.24094e+06,1.24015e+06,1.23554e+06,1.22978e+06,1.22968e+06,1.22554e+06,1.22064e+06,1.21615e+06,1.21809e+06,1.2098e+06
1.20336e+06,1.1885e+06,1.17608e+06,1.15978e+06,1.15018e+06,1.13761e+06,1.12542e+06,1.1095e+06,1.09959e+06,1.08896e+06,1.07479e+06,1.06541e+06,1.06128e+06,1.05823e+06,1.06149e+06,1.06934e+06,1.07703e+06,1.08388e+06,1.10177e+06,1.1104e+06,1.13118e+06,1.14794e+06,1.16066e+06,1.17305e+06,1.1864e+06,1.20423e+06,1.21198e+06,1.22117e+06,1.23197e+06,1.23838e+06,1.24746e+06,1.25655e+06,1.2642e+06,1.2711e+06,1.27255e+06,1.27261e+06,1.27365e+06,1.27163e+06,1.27347e+06,1.27365e+06,1.27615e+06,1.27749e+06,1.277e+06,1.27639e+06,1.27495e+06,1.27671e+06,1.26987e+06,1.27219e+06,1.26632e+06,1.26642e+06,1.26069e+06,1.25806e+06,1.25544e+06,1.24824e+06,1.24829e+06,1.24106e+06,1.23961e+06,1.23591e+06,1.2315e+06,1.22963e+06,1.22379e+06,1.22236e+06,1.22074e+06,1.21095e+06
1.20674e+06,1.18973e+06,1.17701e+06,1.16683e+06,1.15158e+06,1.13521e+06,1.12694e+06,1.11431e+06,1.10294e+06,1.08904e+06,1.08137e+06,1.07178e+06,1.06702e+06,1.06675e+06,1.07439e+06,1.07694e+06,1.08042e+06,1.09377e+06,1.10483e+06,1.11635e+06,1.13418e+06,1.14763e+06,1.16462e+06,1.17863e+06,1.19227e+06,1.20649e+06,1.21415e+06,1.22382e+06,1.23006e+06,1.23805e+06,1.24833e+06,1.25935e+06,1.26428e+06,1.27423e+06,1.27778e+06,1.28134e+06,1.27783e+06,1.2792e+06,1.28139e+06,1.27928e+06,1.28209e+06,1.28527e+06,1.28236e+06,1.28241e+06,1.27971e+06,1.28269e+06,1.28052e+06,1.27849e+06,1.27547e+06,1.27101e+06,1.26828e+06,1.26487e+06,1.26261e+06,1.25432e+06,1.25113e+06,1.24719e+06,1.24404e+06,1.23834e+06,1.23379e+06,1.23106e+06,1.22679e+06,1.22469e+06,1.21918e+06,1.21384e+06
1.20638e+06,1.19591e+06,1.17885e+06,1.16562e+06,1.15238e+06,1.14186e+06,1.12644e+06,1.11951e+06,1.10303e+06,1.0911e+06,1.08987e+06,1.07957e+06,1.08351e+06,1.07726e+06,1.08526e+06,1.08333e+06,1.09214e+06,1.09894e+06,1.10621e+06,1.12345e+06,1.13528e+06,1.14792e+06,1.16714e+06,1.17977e+06,1.19579e+06,1.2055e+06,1.2138e+06,1.22445e+06,1.23149e+06,1.24009e+06,1.24688e+06,1.2611e+06,1.2698e+06,1.2742e+06,1.27989e+06,1.28438e+06,1.28252e+06,1.28705e+06,1.28602e+06,1.29016e+06,1.28829e+06,1.28817e+06,1.29093e+06,1.29005e+06,1.28778e+06,1.28718e+06,1.28793e+06,1.28667e+06,1.28017e+06,1.28124e+06,1.27153e+06,1.26899e+06,1.26285e+06,1.25934e+06,1.25363e+06,1.25069e+06,1.24327e+06,1.23899e+06,1.23648e+06,1.23354e+06,1.22952e+06,1.22805e+06,1.22322e+06,1.2137e+06
1.21169e+06,1.19969e+06,1.18356e+06,1.16747e+06,1.15573e+06,1.13983e+06,1.12446e+06,1.11365e+06,1.10791e+06,1.09619e+06,1.08551e+06,1.08627e+06,1.08081e+06,1.08755e+06,1.08817e+06,1.08865e+06,1.09527e+06,1.10755e+06,1.11791e+06,1.12586e+06,1.13767e+06,1.15316e+06,1.17039e+06,1.1821e+06,1.19489e+06,1.20832e+06,1.21458e+06,1.22591e+06,1.23459e+06,1.24022e+06,1.25049e+06,1.25819e+06,1.26899e+06,1.27337e+06,1.28584e+06,1.28892e+06,1.28963e+06,1.2897e+06,1.29522e+06,1.29383e+06,1.29336e+06,1.29832e+06,1.2968e+06,1.29602e+06,1.29348e+06,1.29214e+06,1.29303e+06,1.28998e+06,1.28883e+06,1.28545e+06,1.27753e+06,1.27366e+06,1.26893e+06,1.26026e+06,1.25475e+06,1.24853e+06,1.24368e+06,1.24205e+06,1.23825e+06,1.23295e+06,1.23202e+06,1.22545e+06,1.22724e+06,1.21916e+06
1.21323e+06,1.19787e+06,1.18687e+06,1.16744e+06,1.15398e+06,1.14118e+06,1.12798e+06,1.11756e+06,1.104e+06,1.09485e+06,1.09092e+06,1.08909e+06,1.08861e+06,1.09336e+06,1.09207e+06,1.095e+06,1.1046e+06,1.10843e+06,1.11755e+06,1.13128e+06,1.14138e+06,1.15705e+06,1.17146e+06,1.185e+06,1.20132e+06,1.21015e+06,1.21885e+06,1.22644e+06,1.23198e+06,1.24528e+06,1.24815e+06,1.25962e+06,1.26892e+06,1.27806e+06,1.2831e+06,1.28826e+06,1.29279e+06,1.29809e+06,1.29797e+06,1.30144e+06,1.30289e+06,1.30282e+06,1.30161e+06,1.30099e+06,1.29837e+06,1.29688e+06,1.29578e+06,1.29129e+06,1.29255e+06,1.28496e+06,1.28328e+06,1.27523e+06,1.26789e+06,1.25901e+06,1.25411e+06,1.24918e+06,1.24359e+06,1.23966e+06,1.23623e+06,1.23527e+06,1.23215e+06,1.2296e+06,1.225e+06,1.2234e+06
1.21249e+06,1.2013e+06,1.18689e+06,1.17188e+06,1.15593e+06,1.1402e+06,1.12719e+06,1.11741e+06,1.10954e+06,1.10033e+06,1.09445e+06,1.0969e+06,1.0929e+06,1.09369e+06,1.09675e+06,1.10204e+06,1.10326e+06,1.11316e+06,1.11892e+06,1.1311e+06,1.14614e+06,1.16229e+06,1.17273e+06,1.18809e+06,1.19871e+06,1.20786e+06,1.21941e+06,1.22655e+06,1.23758e+06,1.24191e+06,1.25014e+06,1.26133e+06,1.26903e+06,1.27949e+06,1.28799e+06,1.29304e+06,1.29539e+06,1.30099e+06,1.304e+06,1.30763e+06,1.30718e+06,1.30735e+06,1.30596e+06,1.30461e+06,1.30223e+06,1.29945e+06,1.29746e+06,1.29396e+06,1.28778e+06,1.2857e+06,1.27902e+06,1.27513e+06,1.26731e+06,1.25739e+06,1.25534e+06,1.24626e+06,1.24397e+06,1.23978e+06,1.23638e+06,1.23652e+06,1.23082e+06,1.23157e+06,1.22929e+06,1.22081e+06
1.21444e+06,1.2021e+06,1.18859e+06,1.17e+06,1.15837e+06,1.14074e+06,1.13198e+06,1.11736e+06,1.11008e+06,1.10237e+06,1.09664e+06,1.09416e+06,1.09228e+06,1.09697e+06,1.09663e+06,1.10285e+06,1.10847e+06,1.11314e+06,1.12402e+06,1.13542e+06,1.15061e+06,1.16237e+06,1.17732e+06,1.18945e+06,1.1976e+06,1.20986e+06,1.21994e+06,1.22586e+06,1.2347e+06,1.24373e+06,1.251e+06,1.26259e+06,1.2696e+06,1.27926e+06,1.28454e+06,1.28987e+06,1.29641e+06,1.30265e+06,1.30681e+06,1.30654e+06,1.3076e+06,1.30785e+06,1.30851e+06,1.30276e+06,1.30462e+06,1.30035e+06,1.29495e+06,1.28754e+06,1.28546e+06,1.2814e+06,1.28097e+06,1.26788e+06,1.26846e+06,1.25812e+06,1.25316e+06,1.2431e+06,1.24304e+06,1.24092e+06,1.23661e+06,1.23345e+06,1.2326e+06,1.23062e+06,1.23147e+06,1.22048e+06
1.21312e+06,1.2002e+06,1.18596e+06,1.17732e+06,1.1587e+06,1.14785e+06,1.13608e+06,1.12383e+06,1.11213e+06,1.10853e+06,1.1033e+06,1.09829e+06,1.0961e+06,1.09595e+06,1.09676e+06,1.09999e+06,1.10903e+06,1.11612e+06,1.12809e+06,1.13789e+06,1.15295e+06,1.16092e+06,1.17525e+06,1.1873e+06,1.20159e+06,1.21375e+06,1.21957e+06,1.22755e+06,1.23402e+06,1.24275e+06,1.25393e+06,1.26232e+06,1.2707e+06,1.2772e+06,1.28795e+06,1.29173e+06,1.29878e+06,1.30248e+06,1.30436e+06,1.30942e+06,1.31484e+06,1.30937e+06,1.30932e+06,1.30314e+06,1.30064e+06,1.29373e+06,1.29196e+06,1.28821e+06,1.28362e+06,1.27569e+06,1.27716e+06,1.26863e+06,1.26599e+06,1.25562e+06,1.25105e+06,1.24515e+06,1.24049e+06,1.23782e+06,1.23935e+06,1.23316e+06,1.23249e+06,1.2321e+06,1.22799e+06,1.21852e+06
1.21396e+06,1.20327e+06,1.19136e+06,1.17481e+06,1.16412e+06,1.15314e+06,1.13948e+06,1.1304e+06,1.12e+06,1.1096e+06,1.10187e+06,1.09975e+06,1.09419e+06,1.09737e+06,1.09778e+06,1.10059e+06,1.10961e+06,1.11986e+06,1.12849e+06,1.14415e+06,1.15327e+06,1.16863e+06,1.17774e+06,1.18759e+06,1.19973e+06,1.20941e+06,1.21535e+06,1.22616e+06,1.23463e+06,1.24275e+06,1.24962e+06,1.25682e+06,1.26619e+06,1.27679e+06,1.2755e+06,1.29155e+06,1.2937e+06,1.30033e+06,1.30732e+06,1.30757e+06,1.31035e+06,1.30728e+06,1.30963e+06,1.30594e+06,1.29919e+06,1.29194e+06,1.28738e+06,1.28409e+06,1.27393e+06,1.27316e+06,1.2679e+06,1.26441e+06,1.26083e+06,1.25529e+06,1.2481e+06,1.24446e+06,1.24035e+06,1.23852e+06,1.23747e+06,1.2331e+06,1.23078e+06,1.22864e+06,1.22345e+06,1.21975e+06
1.21606e+06,1.20292e+06,1.19403e+06,1.1786e+06,1.16704e+06,1.15391e+06,1.14382e+06,1.13531e+06,1.12149e+06,1.1146e+06,1.10826e+06,1.10229e+06,1.09544e+06,1.09978e+06,1.1008e+06,1.10469e+06,1.11079e+06,1.12198e+06,1.13318e+06,1.1448e+06,1.15941e+06,1.17017e+06,1.17784e+06,1.19309e+06,1.19759e+06,1.20753e+06,1.21564e+06,1.22427e+06,1.23003e+06,1.23859e+06,1.24714e+06,1.25714e+06,1.26464e+06,1.27051e+06,1.28073e+06,1.28531e+06,1.29044e+06,1.29563e+06,1.30344e+06,1.30582e+06,1.30904e+06,1.30985e+06,1.30586e+06,1.30201e+06,1.29497e+06,1.29115e+06,1.28227e+06,1.27974e+06,1.27483e+06,1.27124e+06,1.26688e+06,1.26411e+06,1.25869e+06,1.25279e+06,1.24907e+06,1.24289e+06,1.24179e+06,1.23813e+06,1.23467e+06,1.23177e+06,1.23065e+06,1.23061e+06,1.23015e+06,1.22024e+06
1.21486e+06,1.20361e+06,1.19498e+06,1.18257e+06,1.17208e+06,1.16055e+06,1.15111e+06,1.13672e+06,1.12715e+06,1.11866e+06,1.10829e+06,1.10468e+06,1.10093e+06,1.10078e+06,1.10429e+06,1.10755e+06,1.11344e+06,1.12218e+06,1.13692e+06,1.14971e+06,1.16331e+06,1.16992e+06,1.1781e+06,1.18715e+06,1.19865e+06,1.20798e+06,1.21125e+06,1.21726e+06,1.22832e+06,1.23371e+06,1.2399e+06,1.2484e+06,1.25732e+06,1.26618e+06,1.27312e+06,1.28212e+06,1.28669e+06,1.29514e+06,1.29748e+06,1.30236e+06,1.3045e+06,1.30315e+06,1.30207e+06,1.3014e+06,1.29183e+06,1.28704e+06,1.28194e+06,1.2755e+06,1.27193e+06,1.26482e+06,1.26172e+06,1.26218e+06,1.25535e+06,1.25345e+06,1.24865e+06,1.24755e+06,1.239e+06,1.23817e+06,1.23601e+06,1.23194e+06,1.23218e+06,1.22692e+06,1.22334e+06,1.21901e+06
1.21381e+06,1.20645e+06,1.19226e+06,1.1882e+06,1.1754e+06,1.16393e+06,1.15263e+06,1.14244e+06,1.1275e+06,1.12464e+06,1.11436e+06,1.10904e+06,1.10579e+06,1.10746e+06,1.10701e+06,1.10908e+06,1.12213e+06,1.12734e+06,1.13911e+06,1.15329e+06,1.16e+06,1.17204e+06,1.18257e+06,1.18805e+06,1.19639e+06,1.20422e+06,1.21179e+06,1.2177e+06,1.22196e+06,1.23028e+06,1.23941e+06,1.24618e+06,1.25441e+06,1.26139e+06,1.26959e+06,1.27844e+06,1.28399e+06,1.28774e+06,1.29698e+06,1.29945e+06,1.30081e+06,1.29818e+06,1.29797e+06,1.2919e+06,1.28944e+06,1.28182e+06,1.27804e+06,1.27504e+06,1.26911e+06,1.26229e+06,1.26221e+06,1.25646e+06,1.25257e+06,1.24789e+06,1.24729e+06,1.24416e+06,1.24136e+06,1.23942e+06,1.23245e+06,1.23272e+06,1.22728e+06,1.22333e+06,1.2248e+06,1.22004e+06
1.20829e+06,1.20523e+06,1.19494e+06,1.18722e+06,1.17832e+06,1.16646e+06,1.15439e+06,1.14523e+06,1.13599e+06,1.12378e+06,1.1183e+06,1.11314e+06,1.11107e+06,1.10728e+06,1.10728e+06,1.11158e+06,1.11921e+06,1.12706e+06,1.14177e+06,1.15246e+06,1.16045e+06,1.17171e+06,1.17904e+06,1.1907e+06,1.19571e+06,1.20354e+06,1.21015e+06,1.21498e+06,1.22153e+06,1.22699e+06,1.23439e+06,1.24256e+06,1.25013e+06,1.25932e+06,1.26786e+06,1.27364e+06,1.28133e+06,1.2897e+06,1.28875e+06,1.29302e+06,1.29741e+06,1.29242e+06,1.29221e+06,1.2893e+06,1.28272e+06,1.27885e+06,1.27466e+06,1.27068e+06,1.26541e+06,1.25844e+06,1.25862e+06,1.2512e+06,1.24826e+06,1.24469e+06,1.24017e+06,1.24248e+06,1.23763e+06,1.2351e+06,1.23312e+06,1.22939e+06,1.22492e+06,1.22152e+06,1.22169e+06,1.21334e+06
1.2111e+06,1.20099e+06,1.19297e+06,1.18848e+06,1.17997e+06,1.16805e+06,1.15815e+06,1.14655e+06,1.13612e+06,1.12545e+06,1.12165e+06,1.11342e+06,1.11071e+06,1.10923e+06,1.11161e+06,1.11899e+06,1.11909e+06,1.1305e+06,1.14238e+06,1.15516e+06,1.16154e+06,1.17166e+06,1.17655e+06,1.18531e+06,1.19333e+06,1.20091e+06,1.20992e+06,1.21545e+06,1.22416e+06,1.22952e+06,1.23408e+06,1.24226e+06,1.24823e+06,1.25658e+06,1.26345e+06,1.27128e+06,1.27562e+06,1.28221e+06,1.28709e+06,1.28882e+06,1.29289e+06,1.28933e+06,1.28667e+06,1.28152e+06,1.28063e+06,1.27575e+06,1.27293e+06,1.26734e+06,1.26239e+06,1.25764e+06,1.25343e+06,1.24829e+06,1.24631e+06,1.24348e+06,1.2402e+06,1.24174e+06,1.23688e+06,1.23401e+06,1.23109e+06,1.22595e+06,1.22183e+06,1.21787e+06,1.21515e+06,1.21e+06
1.20304e+06,1.2019e+06,1.19191e+06,1.18628e+06,1.17956e+06,1.17134e+06,1.15944e+06,1.14544e+06,1.13949e+06,1.12378e+06,1.11964e+06,1.11344e+06,1.10917e+06,1.1084e+06,1.11108e+06,1.1147e+06,1.1211e+06,1.13066e+06,1.14035e+06,1.14698e+06,1.15898e+06,1.1674e+06,1.17504e+06,1.17988e+06,1.19014e+06,1.19564e+06,1.20568e+06,1.2154e+06,1.22753e+06,1.23112e+06,1.23573e+06,1.24491e+06,1.24533e+06,1.25893e+06,1.2615e+06,1.26875e+06,1.2734e+06,1.2751e+06,1.27947e+06,1.28465e+06,1.2831e+06,1.2812e+06,1.28137e+06,1.27588e+06,1.27397e+06,1.27293e+06,1.2694e+06,1.26254e+06,1.25893e+06,1.25685e+06,1.2485e+06,1.24623e+06,1.24417e+06,1.23941e+06,1.23951e+06,1.23637e+06,1.23429e+06,1.23289e+06,1.22779e+06,1.22403e+06,1.21941e+06,1.21523e+06,1.21166e+06,1.20978e+06
1.20111e+06,1.20018e+06,1.1919e+06,1.18392e+06,1.17854e+06,1.165e+06,1.15626e+06,1.14668e+06,1.13579e+06,1.12716e+06,1.11788e+06,1.10981e+06,1.10775e+06,1.10843e+06,1.11227e+06,1.11281e+06,1.12206e+06,1.13094e+06,1.13804e+06,1.14919e+06,1.15312e+06,1.16417e+06,1.17315e+06,1.18073e+06,1.18768e+06,1.19655e+06,1.20617e+06,1.21474e+06,1.2246e+06,1.23128e+06,1.23583e+06,1.24192e+06,1.24584e+06,1.24986e+06,1.25597e+06,1.26366e+06,1.26701e+06,1.27515e+06,1.27327e+06,1.27735e+06,1.27825e+06,1.27683e+06,1.27251e+06,1.27546e+06,1.2727e+06,1.26936e+06,1.26431e+06,1.26299e+06,1.25872e+06,1.25326e+06,1.25028e+06,1.24368e+06,1.24091e+06,1.23964e+06,1.23635e+06,1.23487e+06,1.23177e+06,1.22779e+06,1.22592e+06,1.22382e+06,1.21383e+06,1.21692e+06,1.20838e+06,1.20936e+06
1.19981e+06,1.19381e+06,1.18839e+06,1.18003e+06,1.17365e+06,1.16197e+06,1.15727e+06,1.14404e+06,1.13421e+06,1.11883e+06,1.11627e+06,1.10741e+06,1.10656e+06,1.10474e+06,1.10646e+06,1.11175e+06,1.11833e+06,1.12464e+06,1.13454e+06,1.14295e+06,1.15256e+06,1.16251e+06,1.16843e+06,1.1769e+06,1.18437e+06,1.19656e+06,1.2033e+06,1.21276e+06,1.2241e+06,1.23033e+06,1.23465e+06,1.23633e+06,1.24466e+06,1.24783e+06,1.25519e+06,1.26031e+06,1.26347e+06,1.26688e+06,1.27099e+06,1.27045e+06,1.27225e+06,1.2697e+06,1.27177e+06,1.27058e+06,1.2692e+06,1.26489e+06,1.26376e+06,1.26087e+06,1.25583e+06,1.25272e+06,1.24613e+06,1.24166e+06,1.23875e+06,1.23676e+06,1.23468e+06,1.23104e+06,1.2276e+06,1.22523e+06,1.22121e+06,1.21836e+06,1.21471e+06,1.21402e+06,1.20523e+06,1.20475e+06
1.20067e+06,1.19307e+06,1.18609e+06,1.18209e+06,1.16901e+06,1.16038e+06,1.14959e+06,1.13892e+06,1.13366e+06,1.11933e+06,1.11317e+06,1.10686e+06,1.1027e+06,1.10166e+06,1.1004e+06,1.10967e+06,1.11052e+06,1.11987e+06,1.13315e+06,1.13922e+06,1.1486e+06,1.15737e+06,1.16518e+06,1.17437e+06,1.18377e+06,1.19194e+06,1.20069e+06,1.21287e+06,1.21883e+06,1.22604e+06,1.23094e+06,1.23432e+06,1.24157e+06,1.24512e+06,1.25013e+06,1.25419e+06,1.2629e+06,1.26244e+06,1.26519e+06,1.26577e+06,1.26353e+06,1.26698e+06,1.2654e+06,1.2644e+06,1.26434e+06,1.26453e+06,1.25954e+06,1.25891e+06,1.25573e+06,1.24803e+06,1.24725e+06,1.23982e+06,1.23475e+06,1.23476e+06,1.23149e+06,1.2272e+06,1.22296e+06,1.21975e+06,1.21814e+06,1.21509e+06,1.21263e+06,1.20999e+06,1.21028e+06,1.20256e+06
1.19718e+06,1.18962e+06,1.18387e+06,1.17346e+06,1.16682e+06,1.15721e+06,1.15014e+06,1.13884e+06,1.12781e+06,1.11361e+06,1.10879e+06,1.10691e+06,1.09923e+06,1.09934e+06,1.09866e+06,1.09892e+06,1.1083e+06,1.11438e+06,1.12549e+06,1.13295e+06,1.14568e+06,1.15686e+06,1.16616e+06,1.17035e+06,1.18047e+06,1.18686e+06,1.2007e+06,1.20585e+06,1.2143e+06,1.22047e+06,1.2246e+06,1.2293e+06,1.23341e+06,1.24041e+06,1.24747e+06,1.2537e+06,1.25816e+06,1.26039e+06,1.26494e+06,1.26091e+06,1.26502e+06,1.26009e+06,1.2637e+06,1.26397e+06,1.26078e+06,1.25995e+06,1.25853e+06,1.25507e+06,1.24843e+06,1.24702e+06,1.24297e+06,1.23351e+06,1.2313e+06,1.22987e+06,1.2282e+06,1.22554e+06,1.22153e+06,1.21599e+06,1.21553e+06,1.21453e+06,1.20962e+06,1.21103e+06,1.20698e+06,1.20301e+06
1.19764e+06,1.18778e+06,1.17928e+06,1.17028e+06,1.16098e+06,1.15541e+06,1.14576e+06,1.13264e+06,1.1227e+06,1.11356e+06,1.1062e+06,1.101e+06,1.0952e+06,1.09491e+06,1.09148e+06,1.09964e+06,1.10422e+06,1.11085e+06,1.12023e+06,1.13116e+06,1.1395e+06,1.15258e+06,1.15897e+06,1.16554e+06,1.17494e+06,1.18552e+06,1.19546e+06,1.20428e+06,1.20737e+06,1.21607e+06,1.22087e+06,1.22419e+06,1.22967e+06,1.23464e+06,1.24361e+06,1.24976e+06,1.25198e+06,1.25633e+06,1.25617e+06,1.25785e+06,1.25726e+06,1.25563e+06,1.25506e+06,1.25701e+06,1.25685e+06,1.25348e+06,1.25385e+06,1.25035e+06,1.24705e+06,1.24072e+06,1.23851e+06,1.22987e+06,1.22799e+06,1.22635e+06,1.22303e+06,1.21619e+06,1.21422e+06,1.21245e+06,1.20939e+06,1.21166e+06,1.2098e+06,1.20408e+06,1.20701e+06,1.20005e+06
1.19405e+06,1.1853e+06,1.17527e+06,1.16597e+06,1.15794e+06,1.14492e+06,1.1376e+06,1.12956e+06,1.12266e+06,1.10844e+06,1.10232e+06,1.09562e+06,1.09321e+06,1.0892e+06,1.09112e+06,1.09403e+06,1.10003e+06,1.10804e+06,1.11359e+06,1.12599e+06,1.13628e+06,1.14436e+06,1.15502e+06,1.16108e+06,1.1674e+06,1.17952e+06,1.18834e+06,1.1957e+06,1.20391e+06,1.20522e+06,1.21274e+06,1.21649e+06,1.2221e+06,1.233e+06,1.23708e+06,1.24482e+06,1.24776e+06,1.25389e+06,1.25078e+06,1.25205e+06,1.25198e+06,1.24981e+06,1.24711e+06,1.2499e+06,1.24933e+06,1.25042e+06,1.24897e+06,1.24816e+06,1.24209e+06,1.23765e+06,1.23141e+06,1.22746e+06,1.22683e+06,1.22029e+06,1.21934e+06,1.21597e+06,1.21097e+06,1.20931e+06,1.20881e+06,1.20642e+06,1.20312e+06,1.20413e+06,1.20295e+06,1.19938e+06
1.19062e+06,1.18176e+06,1.1712e+06,1.16094e+06,1.15048e+06,1.14095e+06,1.13375e+06,1.12091e+06,1.11648e+06,1.10827e+06,1.09702e+06,1.09183e+06,1.08969e+06,1.08738e+06,1.09049e+06,1.09259e+06,1.09802e+06,1.10122e+06,1.11032e+06,1.11939e+06,1.12818e+06,1.14206e+06,1.14946e+06,1.15452e+06,1.16371e+06,1.17174e+06,1.17919e+06,1.1895e+06,1.19724e+06,1.20086e+06,1.20562e+06,1.21169e+06,1.21788e+06,1.22442e+06,1.23194e+06,1.23919e+06,1.24305e+06,1.24548e+06,1.24539e+06,1.24561e+06,1.24753e+06,1.24068e+06,1.24122e+06,1.24304e+06,1.24283e+06,1.2428e+06,1.24311e+06,1.23487e+06,1.23207e+06,1.229e+06,1.22504e+06,1.22061e+06,1.21665e+06,1.21491e+06,1.21521e+06,1.21024e+06,1.209e+06,1.20686e+06,1.20182e+06,1.20162e+06,1.20005e+06,1.20035e+06,1.19917e+06,1.19435e+06
1.18471e+06,1.17594e+06,1.16776e+06,1.1573e+06,1.14477e+06,1.14107e+06,1.12689e+06,1.12129e+06,1.10983e+06,1.10278e+06,1.09704e+06,1.0882e+06,1.08787e+06,1.08532e+06,1.08777e+06,1.09175e+06,1.09265e+06,1.09676e+06,1.10527e+06,1.11251e+06,1.12352e+06,1.13005e+06,1.13978e+06,1.1511e+06,1.15931e+06,1.16488e+06,1.17704e+06,1.17904e+06,1.18935e+06,1.19613e+06,1.19879e+06,1.20407e+06,1.21192e+06,1.21811e+06,1.22596e+06,1.23394e+06,1.23766e+06,1.24287e+06,1.24041e+06,1.24134e+06,1.23895e+06,1.23776e+06,1.23649e+06,1.23427e+06,1.23619e+06,1.23437e+06,1.22983e+06,1.2298e+06,1.22389e+06,1.22195e+06,1.21646e+06,1.21442e+06,1.20853e+06,1.21365e+06,1.20738e+06,1.20598e+06,1.20326e+06,1.19786e+06,1.19875e+06,1.19749e+06,1.19798e+06,1.19522e+06,1.19401e+06,1.19171e+06
1.17877e+06,1.17254e+06,1.16167e+06,1.15331e+06,1.14608e+06,1.13202e+06,1.12503e+06,1.11348e+06,1.1081e+06,1.10037e+06,1.09223e+06,1.08354e+06,1.0805e+06,1.0795e+06,1.0834e+06,1.08529e+06,1.08937e+06,1.09544e+06,1.10149e+06,1.10753e+06,1.11433e+06,1.12645e+06,1.13589e+06,1.1452e+06,1.15372e+06,1.16408e+06,1.17053e+06,1.1752e+06,1.18091e+06,1.18527e+06,1.19099e+06,1.20131e+06,1.20565e+06,1.21416e+06,1.22343e+06,1.22765e+06,1.23519e+06,1.23466e+06,1.23495e+06,1.23233e+06,1.23029e+06,1.23189e+06,1.23062e+06,1.22828e+06,1.22647e+06,1.2259e+06,1.22189e+06,1.22158e+06,1.21674e+06,1.21296e+06,1.20921e+06,1.20804e+06,1.20442e+06,1.20314e+06,1.20403e+06,1.20144e+06,1.19741e+06,1.19452e+06,1.19296e+06,1.19197e+06,1.19095e+06,1.19189e+06,1.18847e+06,1.18563e+06
1.17577e+06,1.16958e+06,1.15754e+06,1.14959e+06,1.13942e+06,1.13148e+06,1.12168e+06,1.11138e+06,1.10316e+06,1.09361e+06,1.08259e+06,1.07909e+06,1.07899e+06,1.07546e+06,1.08122e+06,1.0829e+06,1.0844e+06,1.08851e+06,1.09763e+06,1.10119e+06,1.10838e+06,1.11903e+06,1.13044e+06,1.14215e+06,1.15148e+06,1.16007e+06,1.16137e+06,1.16672e+06,1.17513e+06,1.18051e+06,1.18625e+06,1.19134e+06,1.203e+06,1.21038e+06,1.2176e+06,1.22656e+06,1.22787e+06,1.22983e+06,1.23019e+06,1.22699e+06,1.22754e+06,1.22388e+06,1.22448e+06,1.2226e+06,1.22331e+06,1.21884e+06,1.2149e+06,1.21241e+06,1.21023e+06,1.20551e+06,1.19921e+06,1.1996e+06,1.19766e+06,1.19588e+06,1.19609e+06,1.19438e+06,1.19367e+06,1.19169e+06,1.19194e+06,1.18497e+06,1.18607e+06,1.18416e+06,1.18206e+06,1.17932e+06
1.17419e+06,1.16147e+06,1.15689e+06,1.14582e+06,1.13542e+06,1.12508e+06,1.11702e+06,1.10336e+06,1.09869e+06,1.08726e+06,1.08048e+06,1.07599e+06,1.07385e+06,1.07042e+06,1.07462e+06,1.07749e+06,1.087e+06,1.08846e+06,1.09295e+06,1.10195e+06,1.10653e+06,1.11413e+06,1.12588e+06,1.13755e+06,1.14672e+06,1.15341e+06,1.15981e+06,1.16346e+06,1.1698e+06,1.17377e+06,1.18266e+06,1.19006e+06,1.19737e+06,1.20569e+06,1.215e+06,1.21871e+06,1.225e+06,1.22508e+06,1.22415e+06,1.22461e+06,1.2253e+06,1.2245e+06,1.22288e+06,1.219e+06,1.21696e+06,1.21311e+06,1.21163e+06,1.2048e+06,1.20203e+06,1.19848e+06,1.19427e+06,1.19167e+06,1.18952e+06,1.19381e+06,1.18987e+06,1.19167e+06,1.18775e+06,1.18742e+06,1.18166e+06,1.18181e+06,1.1798e+06,1.17917e+06,1.17708e+06,1.1739e+06
1.16765e+06,1.15997e+06,1.15198e+06,1.14422e+06,1.13181e+06,1.12358e+06,1.11374e+06,1.10261e+06,1.09499e+06,1.08382e+06,1.07712e+06,1.07409e+06,1.06977e+06,1.07158e+06,1.07266e+06,1.07795e+06,1.08277e+06,1.08822e+06,1.09233e+06,1.10018e+06,1.10465e+06,1.11304e+06,1.12452e+06,1.1326e+06,1.14079e+06,1.14876e+06,1.15361e+06,1.15744e+06,1.16361e+06,1.17365e+06,1.17748e+06,1.18709e+06,1.1961e+06,1.20271e+06,1.21107e+06,1.21743e+06,1.22387e+06,1.22227e+06,1.2248e+06,1.22464e+06,1.22362e+06,1.21893e+06,1.21696e+06,1.21572e+06,1.21368e+06,1.20906e+06,1.20741e+06,1.19963e+06,1.19632e+06,1.19182e+06,1.18915e+06,1.18493e+06,1.18598e+06,1.18383e+06,1.18468e+06,1.18514e+06,1.18423e+06,1.18186e+06,1.1765e+06,1.17582e+06,1.17493e+06,1.17105e+06,1.1761e+06,1.17134e+06
1.16512e+06,1.15577e+06,1.14922e+06,1.14069e+06,1.13431e+06,1.12062e+06,1.11133e+06,1.09975e+06,1.08897e+06,1.08496e+06,1.07447e+06,1.07132e+06,1.07295e+06,1.07319e+06,1.07199e+06,1.07702e+06,1.08675e+06,1.09006e+06,1.0941e+06,1.0962e+06,1.10556e+06,1.11177e+06,1.11851e+06,1.12978e+06,1.13589e+06,1.1435e+06,1.14802e+06,1.15776e+06,1.16492e+06,1.17145e+06,1.17827e+06,1.18238e+06,1.19158e+06,1.19748e+06,1.20698e+06,1.21373e+06,1.21892e+06,1.22127e+06,1.22222e+06,1.22093e+06,1.22242e+06,1.21679e+06,1.21761e+06,1.214e+06,1.20943e+06,1.20795e+06,1.20166e+06,1.19379e+06,1.19107e+06,1.18336e+06,1.18054e+06,1.17865e+06,1.17557e+06,1.17793e+06,1.17844e+06,1.18022e+06,1.1762e+06,1.17824e+06,1.17775e+06,1.17302e+06,1.17423e+06,1.17099e+06,1.16872e+06,1.1691e+06
1.16372e+06,1.15691e+06,1.1481e+06,1.13824e+06,1.12889e+06,1.12222e+06,1.11145e+06,1.10346e+06,1.09068e+06,1.08325e+06,1.07898e+06,1.07242e+06,1.07094e+06,1.0741e+06,1.07406e+06,1.08105e+06,1.08344e+06,1.09064e+06,1.09474e+06,1.10144e+06,1.10607e+06,1.11314e+06,1.1219e+06,1.12502e+06,1.1334e+06,1.13947e+06,1.14633e+06,1.15539e+06,1.16477e+06,1.16865e+06,1.17469e+06,1.18193e+06,1.18918e+06,1.20006e+06,1.20343e+06,1.21197e+06,1.21567e+06,1.22236e+06,1.22383e+06,1.2224e+06,1.22283e+06,1.2191e+06,1.21454e+06,1.21403e+06,1.21149e+06,1.20357e+06,1.19857e+06,1.19326e+06,1.18499e+06,1.18185e+06,1.17383e+06,1.17225e+06,1.17074e+06,1.17114e+06,1.17398e+06,1.17531e+06,1.17593e+06,1.17435e+06,1.17332e+06,1.16994e+06,1.16821e+06,1.17024e+06,1.17161e+06,1.16532e+06
1.15796e+06,1.15218e+06,1.14469e+06,1.13641e+06,1.1301e+06,1.12076e+06,1.11051e+06,1.10379e+06,1.09583e+06,1.08413e+06,1.07819e+06,1.0748e+06,1.06792e+06,1.06548e+06,1.07083e+06,1.07603e+06,1.08123e+06,1.0877e+06,1.09384e+06,1.09851e+06,1.101e+06,1.10992e+06,1.11457e+06,1.12597e+06,1.12827e+06,1.13807e+06,1.14437e+06,1.15055e+06,1.15895e+06,1.1642e+06,1.17016e+06,1.17842e+06,1.18473e+06,1.18982e+06,1.19969e+06,1.20584e+06,1.21308e+06,1.2147e+06,1.2173e+06,1.21857e+06,1.21864e+06,1.2171e+06,1.21702e+06,1.21279e+06,1.20969e+06,1.20443e+06,1.19883e+06,1.19458e+06,1.18719e+06,1.17925e+06,1.18001e+06,1.1748e+06,1.17114e+06,1.17083e+06,1.17109e+06,1.17318e+06,1.1757e+06,1.1748e+06,1.17192e+06,1.16904e+06,1.16643e+06,1.16516e+06,1.16628e+06,1.16446e+06
